S.No,startup_name,industry,city,state,funding_requested,valuation_requested,received_offer,accepted_offer,funding_received,investors
1,BluePineFoods,Food and Beverage,Delhi,Delhi,50,1000,1,1,75,Ashneer Grover
2,BoozScooters,Vehicles/Electrical Vehicles,Ahmedabad,Gujarat,40,267,1,1,40,Ashneer Grover
3,HeartUpMySleeves,Beauty/Fashion,Delhi,Delhi,25,250,1,1,25,
4,TagzFoods,Food and Beverage,Bangalore,Karnataka,70,7000,1,1,70,Ashneer Grover
5,HeadAndHeart,Children/Education,Patiala,Punjab,50,1000,0,,,
6,Agritourism,Agriculture,Baramati,Maharashtra,50,1000,0,,,
7,qZenseLabs,Food and Beverage,"Delhi,Mohali","Delhi,Punjab",100,40000,1,0,,
8,Peeschute,Beauty/Fashion,Jalna,Maharashtra,75,1875,1,1,75,
9,NOCD,Food and Beverage,Bangalore,Karnataka,50,2500,1,1,20,
10,CosIQ,Beauty/Fashion,Delhi,Delhi,50,667,1,1,50,
11,JhaJiAchaar,Food and Beverage,Darbhanga,Bihar,50,500,1,1,56.6,
12,Bummer,Beauty/Fashion,Ahmedabad,Gujarat,75,1875,1,1,75,
13,RevampMoto,Vehicles/Electrical Vehicles,Nashik,Maharashtra,100,10000,1,1,100,
14,HungryHead,Food and Beverage,Mumbai,Maharashtra,50,1000,0,,,
15,ShrawaniEngineers,Beauty/Fashion,Nagpur,Maharashtra,20,200,0,,,
16,SkippiIcePops,Food and Beverage,Hyderabad,Telangana,45,900,1,1,100,Ashneer Grover
17,Menstrupedia,Children/Education,Ahmedabad,Gujarat,50,500,1,1,50,
18,Hecoll,Beauty/Fashion,Hyderabad,Telangana,100,10000,0,,,
19,RaisingSuperstars,Children/Education,Gurgaon,Haryana,100,5000,1,1,100,Ashneer Grover
20,Torch-it,Children/Education,Ahmedabad,Gujarat,75,7500,1,0,,
21,Kavach,Children/Education,Gurgaon,Haryana,5,50,1,1,5,
22,LaKheerDeli,Food and Beverage,Pune,Maharashtra,50,667,1,0,,
23,BeyondSnack,Food and Beverage,Thiruvananthapuram,Kerala,50,2000,1,1,50,Ashneer Grover
24,VivalyfInnovations,Medical/Health,Hyderabad,Telangana,56,747,1,1,56,
25,MotionBreeze,Vehicles/Electrical Vehicles,Vadodara,Gujarat,30,1000,1,1,30,Ashneer Grover
26,Altor,Manufacturing,Kolkata,West Bengal,50,1000,1,1,50,
27,Ariro,Manufacturing,Chennai,Tamil Nadu,50,2000,1,1,50,
28,KabiraHandmad,Food and Beverage,Jaipur,Rajasthan,100,2000,1,0,,
29,Nuutjob,Beauty/Fashion,Ahmedabad,Gujarat,25,500,1,1,25,
30,Meatyour,Food and Beverage,Pune,Maharashtra,30,600,1,1,30,
31,EventBeep,Children/Education,Pune,Maharashtra,30,1500,1,1,30,Ashneer Grover
32,Gopal's56,Food and Beverage,Delhi,Delhi,30000,120000,0,,,
33,ARRCOATSurfaceTextures,Manufacturing,Delhi,Delhi,50,1000,1,1,50,
34,Farda,Beauty/Fashion,Nagpur,Maharashtra,30,300,1,1,30,
35,Auli,Beauty/Fashion,Kolkata,West Bengal,75,1875,1,1,75,
36,SweeDesi,Food and Beverage,Pune,Maharashtra,40,1333,0,,,
37,LOKA,Technology/Software,Delhi,Delhi,40,800,1,1,40,
38,Annie,Children/Education,Bangalore,Karnataka,30,6000,1,1,105,
39,Carragreen,Green/CleanTech,Indore,Madhya Pradesh,50,500,1,1,50,
40,TheYarnBazaar,Manufacturing,Mumbai,Maharashtra,50,2500,1,1,100,Ashneer Grover
41,TheRenalProject,Medical/Health,Mumbai,Maharashtra,100,3333,1,1,100,
42,MorrikoPureFoods,Food and Beverage,Valsad,Gujarat,100,3333,1,0,,
43,GoodGoodPiggy,Technology/Software,Delhi,Delhi,45,900,0,,,
44,HammerLifestyle,Electronics,Panipat,Haryana,30,1000,1,1,100,
45,PNTRobotics,Technology/Software,Mumbai,Maharashtra,50,1250,1,1,25,
46,Cocofit,Food and Beverage,Hyderabad,Telangana,5.00E-05,0,1,1,5.00E-05,
47,BambooIndia,Manufacturing,Pune,Maharashtra,80,2000,1,1,50,Ashneer Grover
48,FlyingFur,Animal/Pets,Delhi,Delhi,75,1071,0,,,
49,BeyondWater,Food and Beverage,Kolkata,West Bengal,75,1875,1,1,75,
50,Let'sTry,Food and Beverage,Delhi,Delhi,45,2250,1,1,45,
51,FindYourKicksIndia,Beauty/Fashion,Ludhiana,Punjab,50,500,1,1,50,Ashneer Grover
52,AasVidyalaya,Children/Education,Mumbai,Maharashtra,150,5000,1,1,150,Ashneer Grover
53,Outbox,Business Services,Kolkata,West Bengal,50,1000,0,,,
54,RoadBounce,Technology/Software,Pune,Maharashtra,80,800,1,1,80,
55,Mommy'sKitchen,Food and Beverage,Mumbai,Maharashtra,90,3000,0,,,
56,IndiaHempandCo,Food and Beverage,Bangalore,Karnataka,50,1250,1,0,,
57,Otua,Vehicles/Electrical Vehicles,Gurgaon,Haryana,100,10000,1,1,1,Ashneer Grover
58,Anthyesti,Business Services,Bangalore,Karnataka,50,2000,0,,,
59,Ethik,Manufacturing,Bangalore,Karnataka,15,300,0,,,
60,WeSTOCK,Animal/Pets,Ernakulam,Kerala,50,1000,1,1,60,Ashneer Grover
61,KetoIndia,Food and Beverage,Delhi,Delhi,150,12000,1,0,,
62,Magiclock,Hardware,Mumbai,Maharashtra,120,1500,0,,,
63,TheStatePlate,Food and Beverage,"Bangalore,Kolkata","Karnataka,West Bengal",65,3250,1,1,40,
64,Bakarmax,Technology/Software,Delhi,Delhi,35,700,0,,,
65,INACAN,Food and Beverage,Pune,Maharashtra,50,2500,1,1,100,Ashneer Grover
66,Get-A-Whey,Food and Beverage,Mumbai,Maharashtra,100,1250,1,1,100,Ashneer Grover
67,Sid07Designs,Hardware,Jammu,Jammu & Kashmir,47,470,1,1,25,
68,TheQuirkyNaari,Beauty/Fashion,Mathura,Uttar Pradesh,35,700,1,1,35,
69,HairOriginals,Beauty/Fashion,Gurgaon,Haryana,60,3000,1,1,60,Ashneer Grover
70,Poo-de-Cologne,Beauty/Fashion,Mumbai,Maharashtra,75,1500,0,,,
71,Moonshine,Food and Beverage,Mumbai,Maharashtra,80,16000,1,0,,
72,Falhari,Food and Beverage,Gurgaon,Haryana,50,2500,1,0,,
73,NamhyaFoods,Food and Beverage,Jammu,Jammu & Kashmir,100,2000,1,1,50,
74,UrbanMonkey,Beauty/Fashion,Mumbai,Maharashtra,100,10000,1,0,,
75,GuardianGears,Manufacturing,Hyderabad,Telangana,30,600,1,0,,
76,ModernMyth,Beauty/Fashion,Delhi,Delhi,75,1500,0,,,
77,TheSassBar,Beauty/Fashion,Mumbai,Maharashtra,40,500,1,1,50,Ghazal Alagh
78,KGAgrotech,Agriculture,Malegaon,Maharashtra,30,300,1,1,10,
79,NuskhaKitchen,Food and Beverage,Jaipur,Rajasthan,20,200,0,,,
80,PawsIndia,Animal/Pets,Mumbai,Maharashtra,50,1250,1,1,50,
81,SunfoxTechnologies,Medical/Health,Dehradun,Uttarakhand,100,5000,1,1,100,Ghazal Alagh
82,Alpino,Food and Beverage,Surat,Gujarat,150,7500,1,0,,
83,IsakFragrances,Beauty/Fashion,Lucknow,Uttar Pradesh,50,625,1,1,50,
84,JulaaAutomation,Manufacturing,Ahmedabad,Gujarat,50,500,0,,,
85,RarePlanet,Manufacturing,Kolkata,West Bengal,65,6500,1,1,65,
86,ThekaCoffee,Food and Beverage,Gandhinagar,Gujarat,50,500,0,,,
87,WattTechnovations,Medical/Health,Pune,Maharashtra,0.00101,0,1,1,0.00101,Ghazal Alagh
88,AlisteTechnologies,Technology/Software,Noida,Uttar Pradesh,60,1200,1,0,,
89,InsuranceSamadhan,Business Services,Noida,Uttar Pradesh,100,10000,1,1,100,
90,HumpyA2,Food and Beverage,Pune,Maharashtra,75,1875,1,1,100,Ghazal Alagh
91,KunafaWorld,Food and Beverage,Mangalore,Karnataka,90,1800,0,,,
92,GoldSafeSolutions,Manufacturing,Mumbai,Maharashtra,50,1000,1,1,50,Ghazal Alagh
93,WakaoFoods,Food and Beverage,Goa,Goa,75,1500,1,1,75,Ghazal Alagh
94,PDDFalcon,Manufacturing,Gandhinagar,Gujarat,75,2500,1,0,,
95,PlayBoxTV,Business Services,Mumbai,Maharashtra,100,2857,1,0,,
96,Sippline,Manufacturing,Pune,Maharashtra,75,500,0,,,
97,KabaddiAdda,Fitness/Sports/Outdoors,Bangalore,Karnataka,80,8000,1,1,80,
98,ShadesofSpring,Business Services,Bangalore,Karnataka,300,30000,0,,,
99,Scholify,Children/Education,Bangalore,Karnataka,50,667,0,,,
100,Scrapshala,Manufacturing,Varanasi,Uttar Pradesh,50,500,0,,,
101,Sabjikothi,Manufacturing,Bhagalpur,Bihar,60,2400,0,,,
102,AyuRythm,Medical/Health,Bangalore,Karnataka,75,3750,1,1,75,
103,Astrix,Manufacturing,Coimbatore,Tamil Nadu,75,2500,0,,,
104,TheaAndSid,Business Services,Mumbai,Maharashtra,80,1143,0,,,
105,ExperentialEtc,Technology/Software,Mumbai,Maharashtra,200,5000,1,0,,
106,GrowFitter,Technology/Software,Mumbai,Maharashtra,50,5000,1,1,50,
107,C3Med-Tech,Medical/Health,Ahmedabad,Gujarat,35,583,1,0,,
108,ColourMeMad-CMM,Beauty/Fashion,Mumbai,Maharashtra,40,400,1,1,40,
109,Mavi's,Food and Beverage,Thane,Maharashtra,40,800,0,,,
110,TweekLabs,Fitness/Sports/Outdoors,Delhi,Delhi,40,2000,1,1,60,Ashneer Grover
111,Proxgy,Technology/Software,Delhi,Delhi,35,3500,1,1,100,Ashneer Grover
112,NomadFoodProject,Food and Beverage,"Delhi,Pune","Delhi,Maharashtra",40,400,1,1,40,"Ghazal Alagh,Ashneer Grover"
113,TweeInOne,Beauty/Fashion,Mumbai,Maharashtra,30,400,0,,,
114,GreenProtein,Food and Beverage,Mumbai,Maharashtra,60,3000,1,0,,
115,On2Cook,Food and Beverage,Ahmedabad,Gujarat,100,10000,0,,,
116,JainShikanji,Food and Beverage,Modinagar,Uttar Pradesh,40,500,1,1,40,Ashneer Grover
117,Woloo,Technology/Software,Mumbai,Maharashtra,50,1250,1,0,,
118,ElcareIndia,Medical/Health,Mumbai,Maharashtra,100,4000,0,,,
119,SneaKare,Beauty/Fashion,Delhi,Delhi,20,400,1,1,21,
120,FrenchCrown,Beauty/Fashion,Surat,Gujarat,150,45455,1,0,,
121,StoreMyGoods,Business Services,Noida,Uttar Pradesh,100,5714,1,1,50,
122,Devnagri,Technology/Software,Delhi,Delhi,100,10000,1,0,,
123,WitBlox,Manufacturing,Mumbai,Maharashtra,60,2000,1,1,60,Ghazal Alagh
124,Kineer,Food and Beverage,Pune,Maharashtra,100,1000,0,,,
125,PiChem,Manufacturing,Lucknow,Uttar Pradesh,40,800,0,,,
126,Clensta,Beauty/Fashion,Delhi,Delhi,100,10000,0,,,
127,InfinitiInsects,Animal/Pets,Bangalore,Karnataka,25,250,0,,,
128,AshwaPro,Business Services,Jaipur,Rajasthan,50,500,0,,,
129,Mine4Nine,Beauty/Fashion,Gurgaon,Haryana,75,1875,0,,,
130,StudioBeej,Beauty/Fashion,Mumbai,Maharashtra,75,1000,0,,,
131,Sattuz,Food and Beverage,Madhubani,Bihar,25,500,0,,,
132,Scintiglo,Medical/Health,Indore,Madhya Pradesh,75,7500,1,0,,
133,Glii,Business Services,Noida,Uttar Pradesh,40,1000,0,,,
134,StanleeIndia,Electronics,Delhi,Delhi,60,2000,0,,,
135,SpaceKidzIndia,Manufacturing,Chennai,Tamil Nadu,100,5000,0,,,
136,UrbanNaps,Business Services,Ahmedabad,Gujarat,50,1250,1,0,,
137,Gizmoswala,Entertainment,Mumbai,Maharashtra,75,1500,0,,,
138,ZyppElectric,Vehicles/Electrical Vehicles,Gurgaon,Haryana,220,22000,0,,,
139,Picsniff,Technology/Software,Mumbai,Maharashtra,55,5500,1,0,,
140,Deciwood,Electronics,Delhi,Delhi,50,1429,0,,,
141,HappyBar,Food and Beverage,Hyderabad,Telangana,60,3000,0,,,
142,Tathastulive,Business Services,Ahmedabad,Gujarat,50,500,0,,,
143,BandsandCups,Beauty/Fashion,Chennai,Tamil Nadu,40,400,0,,,
144,MyWealthProtector,Business Services,Mumbai,Maharashtra,50,2000,0,,,
145,TheIris,Manufacturing,Bangalore,Karnataka,10,67,0,,,
146,Canebot,Food and Beverage,Pune,Maharashtra,100,4000,0,,,
147,OyeDelhiOye,Food and Beverage,Delhi,Delhi,35,350,0,,,
148,InaliAssistiveTech,Medical/Health,Pune,Maharashtra,50,1000,0,,,
149,Meera'sCelebrations,Business Services,Ludhiana,Punjab,50,200,0,,,
150,Artment,Lifestyle/Home,Gurgaon,Haryana,170,6800,1,0,,
151,Powertree,Manufacturing,Gandhinagar,Gujarat,150,6000,0,,,
152,Eume,Beauty/Fashion,Mumbai,Maharashtra,150,7500,1,0,,
153,Hoovu,Business Services,Bangalore,Karnataka,80,8000,1,1,100,
154,Dorji,Food and Beverage,Darjeeling,West Bengal,30,600,1,1,30,
155,Recode,Beauty/Fashion,Ludhiana,Punjab,100,10000,0,,,
156,VeryMuchIndian,Beauty/Fashion,Pune,Maharashtra,50,1667,1,1,50,
157,WatchoutWearables,Electronics,Thane,Maharashtra,200,4000,1,1,100,
158,SoupX,Food and Beverage,Delhi,Delhi,75,1250,1,1,50,
159,ATMOSPHERE,Food and Beverage,Delhi,Delhi,75,2500,1,0,,
160,Stage,Entertainment,"Bhiwani,Barnagar","Haryana,Madhya Pradesh",300,30000,1,1,150,
161,Girgit,Beauty/Fashion,Mumbai,Maharashtra,20,200,1,1,20,
162,GearHeadMotors,Vehicles/Electrical Vehicles,Hyderabad,Telangana,75,3750,1,1,100,
163,PatilKaki,Food and Beverage,Mumbai,Maharashtra,40,1600,1,1,40,
164,Brandsdaddy,Manufacturing,Mumbai,Maharashtra,70,1400,1,1,35,
165,Winston,Beauty/Fashion,Faridabad,Haryana,100,2500,1,1,100,
166,Flatheads,Beauty/Fashion,Bangalore,Karnataka,75,2500,1,0,,
167,OrganicSmokes,Beauty/Fashion,Delhi,Delhi,100,10000,0,,,
168,TeaFit,Food and Beverage,Mumbai,Maharashtra,50,1666.666667,1,1,50,
169,Haqdarshak,Business Services,Shimla,Himachal Pradesh,100,20000,1,1,100,
170,Bhaskar'sPuranpoliGhar,Food and Beverage,Thane,Maharashtra,75,7500,0,,,
171,GunjanAppsStudios,Technology/Software,Kolkata,West Bengal,250,25000,0,,,
172,TheSimplySalad,Food and Beverage,Ahmedabad,Gujarat,30,300,1,1,30,
173,AyuSynk,Medical/Health,Mumbai,Maharashtra,100,6666.666667,1,1,50,
174,AtypicalAdvantage,Technology/Software,Jamshedpur,Jharkhand,30,3000,1,1,30,
175,HouseOfChikankari,Beauty/Fashion,Delhi,Delhi,75,7500,1,1,75,
176,MagicOfMemories,Beauty/Fashion,Delhi,Delhi,25,500,0,,,
177,Paradyes,Beauty/Fashion,Ahmedabad,Gujarat,65,6500,1,1,65,
178,Nestroots,Lifestyle/Home,Delhi,Delhi,50,5000,1,1,50,
179,Zillionaire,Beauty/Fashion,Jaipur,Rajasthan,50,1515.151515,1,1,100,
180,Credmate,Technology/Software,Ludhiana,Punjab,50,1000,0,,,
181,Freebowler,Fitness/Sports/Outdoors,Bangalore,Karnataka,75,1000,1,1,25,
182,ABCSports&Fitness,Fitness/Sports/Outdoors,Pune,Maharashtra,40,2000,1,1,40,
183,Primebook,Technology/Software,Delhi,Delhi,75,5000,1,1,75,
184,DailyDump,Manufacturing,Bangalore,Karnataka,80,2000,1,1,30,
185,GharSoaps,Beauty/Fashion,Pune,Maharashtra,60,3000,1,1,60,
186,Janitri,Medical/Health,Alwar,Rajasthan,100,4000,1,1,100,
187,JaipurWatchCompany,Manufacturing,Jaipur,Rajasthan,50,2500,0,,,
188,InsideFPV,Manufacturing,Surat,Gujarat,75,1875,1,1,75,
189,Angrakhaa,Beauty/Fashion,Delhi,Delhi,40,800,1,1,40,
190,Diabexy,Food and Beverage,Gurgaon,Haryana,150,15000,1,0,,
191,Kyari,Manufacturing,Ghaziabad,Uttar Pradesh,51,5100,1,1,51,
192,MoppFoods,Food and Beverage,Delhi,Delhi,75,3333.333333,1,1,75,
193,Econiture,Green/CleanTech,Amaravati,Maharashtra,50,625,0,,,
194,Dobiee,Food and Beverage,Shinde,Maharashtra,72,3600,1,1,72,
195,FastBeetle,Business Services,Srinagar,Jammu & Kashmir,90,3000,1,1,90,
196,Pflow,Medical/Health,Dhule,Maharashtra,60,6000,1,1,60,
197,VSMani,Food and Beverage,Bangalore,Karnataka,60,4000,1,1,19,
198,Sepal,Manufacturing,Hyderabad,Telangana,50,5000,1,1,50,
199,Solinas,Business Services,Chennai,Tamil Nadu,90,4500,1,1,90,
200,AvimeeHerbal,Beauty/Fashion,Surat,Gujarat,280,56000,1,0,,
201,eyenic,Beauty/Fashion,Delhi,Delhi,75,1250,0,,,
202,ekatra,Lifestyle/Home,Kota,Rajasthan,40,400,1,1,20,
203,Raasa,Food and Beverage,Delhi,Delhi,50,1000,1,1,50,
204,NeoMotion,Manufacturing,Chennai,Tamil Nadu,100,10000,1,1,100,
205,licksters,Food and Beverage,Nagpur,Maharashtra,50,1000,1,1,25,
206,Sayonara,Beauty/Fashion,Kolkata,West Bengal,100,10000,0,,,
207,PMV,Vehicles/Electrical Vehicles,Mumbai,Maharashtra,100,10000,1,0,,
208,SpiceStory,Food and Beverage,Mumbai,Maharashtra,70,3500,1,1,70,
209,Bullspree,Technology/Software,Ahmedabad,Gujarat,75,5000,1,1,75,
210,Snitch,Beauty/Fashion,Bangalore,Karnataka,150,30000,1,1,150,
211,Portl,Business Services,Hyderabad,Telangana,150,15000,1,1,150,
212,FatToSlim,Beauty/Fashion,Bangalore,Karnataka,20,2000,0,,,
213,CheeseCake&Co.,Food and Beverage,Delhi,Delhi,100,5000,1,0,,
214,Dabble,Manufacturing,Bangalore,Karnataka,50,500,1,1,15,
215,CloudTailor,Business Services,"Bangalore,Hyderabad","Karnataka,Telangana",100,7142.857143,0,,,
216,BeUnic,Business Services,Noida,Uttar Pradesh,100,1000,1,0,,
217,Broomees,Business Services,Delhi,Delhi,80,4000,1,1,100,
218,Ravel,Beauty/Fashion,Amaravati,Maharashtra,75,3000,1,1,75,
219,HoneyVeda,Food and Beverage,Ahmedabad,Gujarat,75,1000,1,1,50,
220,PadCare,Manufacturing,Pune,Maharashtra,50,2500,1,1,100,
221,SwadeshiBlessings,Lifestyle/Home,Udaipur,Rajasthan,50,1000,1,1,25,
222,OLL,Technology/Software,Mumbai,Maharashtra,30,1500,1,1,30,
223,Febris,Medical/Health,Ferozepur,Punjab,100,4000,0,,,
224,Geeani,Vehicles/Electrical Vehicles,Ahmedabad,Gujarat,75,1000,1,1,100,
225,Amore,Food and Beverage,"Hyderabad,Mumbai","Telangana,Maharashtra",75,1875,1,1,75,
226,LeafyAffair,Beauty/Fashion,Bangalore,Karnataka,50,2000,0,,,
227,ScrapUncle,Green/CleanTech,Delhi,Delhi,60,2000,1,1,60,
228,SharmaJiKiAata,Food and Beverage,Pune,Maharashtra,40,400,1,1,40,
229,Manetain,Beauty/Fashion,"Kochi,Mumbai","Kerala,Maharashtra",75,3000,1,1,75,
230,GavinParis,Beauty/Fashion,Kolkata,West Bengal,50,1000,1,0,,
231,UnStop,Technology/Software,Delhi,Delhi,100,10000,1,1,200,
232,BlueTea,Food and Beverage,"Faridabad,Kolkata","Haryana,West Bengal",75,7500,1,1,50,
233,TheGreenSnack,Food and Beverage,Mumbai,Maharashtra,100,5000,1,1,100,
234,HobbyIndia,Lifestyle/Home,Surat,Gujarat,50,1666.666667,1,0,,
235,Flhexible,Lifestyle/Home,Jaipur,Rajasthan,50,666.6666667,0,,,
236,UpThrust,Fitness/Sports/Outdoors,Mumbai,Maharashtra,75,2500,0,,,
237,Zoff,Food and Beverage,Raipur,Chhattisgarh,100,20000,1,1,100,
238,DesiToys,Manufacturing,Mumbai,Maharashtra,50,1666.666667,1,0,,
239,CloudWorx,Technology/Software,Bangalore,Karnataka,40,2000,1,1,40,
240,Mahantam,Manufacturing,Banaskantha,Gujarat,30,300,1,1,30,
241,MindPeers,Medical/Health,Delhi,Delhi,53,5300,1,1,106,
242,Barosi,Food and Beverage,Pataudi,Haryana,50,2500,0,,,
243,Daryaganj,Food and Beverage,Delhi,Delhi,90,18000,1,1,90,
244,DhruvVidyut,Vehicles/Electrical Vehicles,Delhi,Delhi,0,0,1,1,0,
245,CELLBELL,Lifestyle/Home,Ulhasnagar,Maharashtra,90,6000,0,,,
246,Tipayi,Manufacturing,Pune,Maharashtra,50,500,1,0,,
247,DigiQure,Medical/Health,Bhopal,Madhya Pradesh,40,1000,1,1,40,
248,Nirmalaya,Manufacturing,Delhi,Delhi,60,4000,0,,,
249,Pabiben,Beauty/Fashion,Ahmedabad,Gujarat,50,1000,1,1,10,
250,Homestrap,Lifestyle/Home,Indore,Madhya Pradesh,70,7000,1,1,50,
251,uBreathe,Manufacturing,Gurgaon,Haryana,150,2000,1,1,50,
252,Deyor,Technology/Software,Gurgaon,Haryana,100,10000,0,,,
253,iMumz,Medical/Health,Bangalore,Karnataka,70,7000,1,1,10,
254,TheHealthyBinge,Food and Beverage,Pune,Maharashtra,50,1000,1,1,50,
255,Freakins,Beauty/Fashion,Mumbai,Maharashtra,70,7000,1,1,50,
256,Perfora,Lifestyle/Home,"Ballarpur,Karnal","Haryana,Maharashtra",80,8000,1,1,80,
257,MidNightAngelsByPC,Beauty/Fashion,Gurgaon,Haryana,75,1250,1,0,,
258,CureSee,Medical/Health,Gurgaon,Haryana,40,800,1,1,50,
259,MeduLance,Medical/Health,Delhi,Delhi,200,20000,1,1,200,
260,Cakelicious,Food and Beverage,Kolkata,West Bengal,25,500,1,1,25,
261,Bowled.io,Fitness/Sports/Outdoors,Mumbai,Maharashtra,80,8000,0,,,
262,Toyshine,Manufacturing,Jalandhar,Punjab,125,25000,0,,,
263,neuphony,Medical/Health,Noida,Uttar Pradesh,100,5000,1,1,100,
264,Amrutam,Food and Beverage,Gwalior,Madhya Pradesh,50,2500,0,,,
265,HoloKitab,Technology/Software,Jalandhar,Punjab,45,450,1,1,45,
266,Zoe,Food and Beverage,Gurgaon,Haryana,75,1500,0,,,
267,Hornback,Vehicles/Electrical Vehicles,Hyderabad,Telangana,50,5000,1,1,50,
268,Malaki,Food and Beverage,Mumbai,Maharashtra,50,5000,1,1,50,
269,nanoclean,Manufacturing,Bikaner,Rajasthan,80,4000,0,,,
270,DesmondJi,Liquor/Alcohol,Goa,Goa,100,10000,0,,,
271,Cremeitalia,Food and Beverage,Mumbai,Maharashtra,90,6000,0,,,
272,nawgati,Business Services,Noida,Uttar Pradesh,67,3350,1,1,67,
273,Swytchd,Vehicles/Electrical Vehicles,Bangalore,Karnataka,50,1666.666667,0,,,
274,GladFul,Food and Beverage,Jaipur,Rajasthan,50,2500,1,1,50,
275,Pharmallama,Medical/Health,Bangalore,Karnataka,100,6666.666667,1,1,200,
276,CraveRajaFoods,Food and Beverage,Kolkata,West Bengal,65,2166.666667,0,,,
277,VAPerfume,Lifestyle/Home,Mumbai,Maharashtra,100,1000,0,,,
278,Hood,Technology/Software,Gurgaon,Haryana,120,60000,1,1,60,
279,TwistingScoops,Food and Beverage,Delhi,Delhi,100,4000,1,0,,
280,GROWiT,Agriculture,Surat,Gujarat,100,10000,1,1,50,
281,Makino,Food and Beverage,Himmatnagar,Gujarat,200,10000,0,,,
282,Trunome,Medical/Health,Chennai,Tamil Nadu,150,15000,1,1,150,
283,Wol3D,Manufacturing,Mumbai,Maharashtra,150,15000,1,1,80,
284,What'sUpWellness,Food and Beverage,Kolkata,West Bengal,50,1666.666667,1,1,60,
285,ProostBeer,Food and Beverage,Delhi,Delhi,100,13333.33333,0,,,
286,DrCubes,Food and Beverage,Bangalore,Karnataka,80,533.3333333,0,,,
287,MetroRide,Vehicles/Electrical Vehicles,Bangalore,Karnataka,75,7500,0,,,
288,Conker,Technology/Software,Bangalore,Karnataka,40,4000,0,,,
289,WTF,Food and Beverage,Kolkata,West Bengal,75,1500,0,,,
290,funngro,Technology/Software,Mumbai,Maharashtra,50,4000,1,1,50,
291,Aadvik,Food and Beverage,Delhi,Delhi,60,4000,1,1,15,
292,oyehappy,Business Services,Hyderabad,Telangana,50,5000,0,,,
293,HealthyMaster,Food and Beverage,Bangalore,Karnataka,50,2500,1,1,50,
294,Kitsons,Lifestyle/Home,Hyderabad,Telangana,1000,10000,0,,,
295,LondonBubble,Food and Beverage,Mumbai,Maharashtra,75,1500,1,1,75,
296,WaggyZone,Animal/Pets,Mumbai,Maharashtra,50,1000,0,,,
297,NutriCook,Food and Beverage,"Bangalore,Punganur","Karnataka,Andhra Pradesh",100,5000,1,1,50,
298,Subhag,Medical/Health,"Jhumri Telaiya,Raipur","Jharkhand,Chhattisgarh",50,5000,1,1,20,
299,SinghStyled,Beauty/Fashion,Mumbai,Maharashtra,50,1000,1,1,50,
300,ZSportsTech,Fitness/Sports/Outdoors,Mumbai,Maharashtra,60,3000,0,,,
301,ThePlatedProject,Business Services,Mumbai,Maharashtra,75,3750,1,1,75,
302,VsnapU,Business Services,Goa,Goa,50,3333.333333,0,,,
303,TheHealthyFactory,Food and Beverage,Mumbai,Maharashtra,75,3571.428571,0,,,
304,Brevistay,Business Services,"Dehradun,Nainital,Lucknow","Uttarakhand,Uttar Pradesh",100,6024.096386,0,,,
305,SoulUp,Business Services,Bangalore,Karnataka,50,1666.666667,1,1,50,
306,TheBigBookBox ChapterOneBooks,Lifestyle/Home,Gopalganj,Bihar,50,625,0,,,
307,Rubans,Beauty/Fashion,Bangalore,Karnataka,150,30000,1,1,100,
308,SameNotification,Technology/Software,"Ahmedabad,Mirzapur","Gujarat,Uttar Pradesh",25,166.6666667,0,,,
309,BottomLineSprays,Lifestyle/Home,Ahmedabad,Gujarat,35,700,0,,,
310,LilGoodness,Food and Beverage,Bangalore,Karnataka,100,10000,1,1,50,
311,ForeverModest,Beauty/Fashion,Aurangabad,Maharashtra,20,200,1,1,20,
312,Sahayatha,Medical/Health,Coimbatore,Tamil Nadu,100,1000,1,1,100,
313,WickedGud,Food and Beverage,Mumbai,Maharashtra,50,5000,0,,,
314,maisha,Beauty/Fashion,Ahmedabad,Gujarat,75,2500,1,1,10,
315,NishHair,Beauty/Fashion,Mumbai,Maharashtra,100,5000,1,1,100,
316,MYBYK,Vehicles/Electrical Vehicles,Ahmedabad,Gujarat,200,20000,0,,,
317,GODESi,Food and Beverage,Bangalore,Karnataka,90,18000,1,0,,
318,TAC,Beauty/Fashion,Mumbai,Maharashtra,150,30000,1,1,81,Vikas D Nahar
319,Naara-Aaba,Liquor/Alcohol,Ziro,Arunachal Pradesh,75,3000,1,1,50,Vikas D Nahar
320,StyloBug,Beauty/Fashion,Delhi,Delhi,80,4000,1,1,80,
321,ZenOnco,Medical/Health,Jodhpur,Rajasthan,100,10000,1,0,,
322,HonestHome,Green/CleanTech,Dhampur,Uttar Pradesh,100,5000,1,1,100,
323,AdilQadri,Beauty/Fashion,Bilimora,Gujarat,100,20000,1,1,100,
324,ConsciousChemist,Beauty/Fashion,Jaipur,Rajasthan,60,3000,0,,,
325,TheCinnamonKitchen,Food and Beverage,Chandigarh,Punjab,60,3000,1,1,60,
326,WtfGyms,Business Services,Noida,Uttar Pradesh,100,5000,0,,,
327,Intervue,Technology/Software,"Ludhiana,Ghaziabad","Punjab,Uttar Pradesh",150,15000,1,1,150,
328,RodBez,Vehicles/Electrical Vehicles,Saharsa,Bihar,50,1000,1,1,20,
329,Blix,Technology/Software,Mumbai,Maharashtra,80,4000,1,1,80,
330,Homversity,Technology/Software,Ahmedabad,Gujarat,65,3250,0,,,
331,TURMS,Beauty/Fashion,Bangalore,Karnataka,120,6000,1,1,120,Azhar Iqubal
332,mintree,Beauty/Fashion,Nagpur,Maharashtra,90,9000,1,1,90,Azhar Iqubal
333,80Wash,Manufacturing,Chandigarh,Punjab,100,4000,0,,,
334,DilFoods,Food and Beverage,Ranchi,Jharkhand,50,10000,1,1,200,Radhika Gupta
335,AIKavach/Panoplia,Technology/Software,Hyderabad,Telangana,50,4000,1,1,100,
336,Bartisans,Liquor/Alcohol,Mumbai,Maharashtra,100,4000,1,0,,
337,Aretto,Manufacturing,Pune,Maharashtra,80,8000,0,,,
338,Kalakaram,Manufacturing,Gurgaon,Haryana,50,2000,1,1,60,
339,NabhiSutra,Beauty/Fashion,Vadodara,Gujarat,60,2000,0,,,
340,Zorko,Food and Beverage,Surat,Gujarat,150,15000,1,0,,
341,Tramboo,Fitness/Sports/Outdoors,Srinagar,Jammu & Kashmir,30,1000,1,1,30,
342,WeHear,Medical/Health,Ahmedabad,Gujarat,250,25000,1,1,250,
343,Tiggle,Food and Beverage,Agra,Uttar Pradesh,50,1000,1,1,50,
344,WYLDCard,Technology/Software,Mumbai,Maharashtra,50,10000,1,1,75,
345,upliance.ai,Lifestyle/Home,Bangalore,Karnataka,100,10000,1,0,,
346,PizzaGalleria,Food and Beverage,Gohana,Haryana,100,5000,0,,,
347,AiCars,Vehicles/Electrical Vehicles,Yavatmal,Maharashtra,200,5000,0,,,
348,RooftopApp,Technology/Software,Mumbai,Maharashtra,200,5000,0,,,
349,GoenchiFeni,Liquor/Alcohol,Goa,Goa,100,2000,1,1,200,Deepinder Goyal
350,Arata,Beauty/Fashion,Delhi,Delhi,100,8000,1,1,100,
351,Vecros,Technology/Software,Delhi,Delhi,100,4000,1,1,20,
352,GudGum,Food and Beverage,Bangalore,Karnataka,50,1000,1,1,80,
353,EvaScalp,Medical/Health,Mumbai,Maharashtra,30,2500,1,1,30,
354,Elitty,Beauty/Fashion,Gurgaon,Haryana,100,2500,1,0,,
355,HoneyTwigs,Food and Beverage,Delhi,Delhi,75,2500,1,1,75,
356,Koparo,Food and Beverage,Delhi,Delhi,70,7000,1,1,70,
357,2Ballz,Beauty/Fashion,Indore,Madhya Pradesh,30,600,0,,,
358,JewelBox,Beauty/Fashion,Kolkata,West Bengal,100,5000,1,1,200,Radhika Gupta
359,DaakRoom,Business Services,Delhi,Delhi,36,900,1,1,36,
360,Nuvedo,Food and Beverage,Bangalore,Karnataka,50,1666.666667,0,,,
361,WALK,Medical/Health,Mumbai,Maharashtra,50,3333.333333,1,1,50,
362,RajaRaniCoaching,Beauty/Fashion,Surat,Gujarat,130,2600,1,0,,
363,DecodeAge,Medical/Health,Bangalore,Karnataka,100,8000,1,1,100,
364,ALittleExtra,Beauty/Fashion,Guwahati,Assam,48,800,1,1,60,
365,Assembly,Beauty/Fashion,Gurugram,Haryana,85,8500,1,0,,
366,NasherMiles,Beauty/Fashion,Mumbai,Maharashtra,300,40000,1,1,300,
367,AltCo,Food and Beverage,Bangalore,Karnataka,150,7500,0,,,
368,Without,Beauty/Fashion,Pune,Maharashtra,75,7500,1,1,75,Ronnie Screwvala
369,Kibo,Technology/Software,"Faridabad,Ahmedabad","Haryana,Gujarat",60,6000,1,1,60,Ronnie Screwvala
370,VOLD,Food and Beverage,Ahmednagar,Maharashtra,50,2500,1,1,10,
371,Quirksmith,Beauty/Fashion,Agra,Uttar Pradesh,80,8000,1,0,,
372,UrbanSpace,Lifestyle/Home,Ahmedabad,Gujarat,180,18000,1,0,,
373,HyperLab,Fitness/Sports/Outdoors,Ahmedabad,Gujarat,10,1000,1,1,25,
374,EcoBiotraps,Green/CleanTech,"Ahmedabad,Pune","Gujarat,Maharashtra",50,2500,1,0,,
375,Hoora,Technology/Software,Nagpur,Maharashtra,80,4000,0,,,
376,YesMadam,Beauty/Fashion,Delhi,Delhi,150,30000,1,1,150,
377,Zerodor,Lifestyle/Home,"Ahmedabad,Mumbai","Gujarat,Maharashtra",100,3333.333333,1,0,,
378,ToffeeCoffeeRoasters,Food and Beverage,Bangalore,Karnataka,60,3000,1,1,35,
379,PushSports,Fitness/Sports/Outdoors,Delhi,Delhi,80,8000,1,1,80,
380,ORBO,Technology/Software,Mumbai,Maharashtra,100,13333.33333,1,1,100,
381,CannazoIndia,Beauty/Fashion,Mumbai,Maharashtra,150,3000,1,0,,
382,Chefling,Food and Beverage,Mumbai,Maharashtra,40,400,1,1,40,Azhar Iqubal
383,IntenseFocus,Beauty/Fashion,,,500,10000,0,,,
384,MilletAmma,Food and Beverage,Bangalore,Karnataka,100,3333.333333,0,,,
385,D'chica,Beauty/Fashion,Delhi,Delhi,80,8000,1,1,80,
386,Refit,Electronics,Delhi,Delhi,200,40000,1,1,200,
387,HouseOfBeautyIndia,Beauty/Fashion,Delhi,Delhi,150,3000,0,,,
388,Artinci,Food and Beverage,Bangalore,Karnataka,50,2857.142857,1,1,50,
389,TheRageRoom,Business Services,Hyderabad,Telangana,20,66.66666667,0,,,
390,Aastey,Beauty/Fashion,"Delhi,Mumbai","Delhi,Maharashtra",80,4000,0,,,
391,Matri,Medical/Health,Kolkata,West Bengal,60,1500,1,1,60,
392,Rubbabu,Manufacturing,Delhi,Delhi,200,4000,0,,,
393,GulaboJaipur,Beauty/Fashion,Jaipur,Rajasthan,90,9000,0,,,
394,AristaVault,Manufacturing,Delhi,Delhi,45,3000,1,1,20,
395,ToHands,Technology/Software,"Erode,Kanpur","Tamil Nadu,Uttar Pradesh",55,5500,1,1,60,"Varun Dua,Radhika Gupta"
396,PlusGold,Technology/Software,Bangalore,Karnataka,60,6000,1,1,60,Varun Dua
397,Aroleap,Medical/Health,Bangalore,Karnataka,100,4000,1,1,100,Azhar Iqubal
398,Cosmix,Medical/Health,,,100,10000,1,1,100,
399,Fabriclore,Beauty/Fashion,Jaipur,Rajasthan,68.7,6870,0,,,
400,PolishMePretty,Beauty/Fashion,Pune,Maharashtra,25,100,1,1,25,
401,GridMats,Manufacturing,,,500,25000,0,,,
402,UnclePetersPanCakes,Food and Beverage,"Kolkata,Varanasi","West Bengal,Uttar Pradesh",60,3000,1,1,60,
403,CreativeHatti,Business Services,Panchkula,Haryana,60,3000,0,,,
404,CandidMen,Beauty/Fashion,Bangalore,Karnataka,60,3000,1,1,60,
405,Flyrobe,Beauty/Fashion,Delhi,Delhi,50,5000,1,1,50,
406,WiseLife,Medical/Health,Gurugram,Haryana,60,3000,1,1,120,
407,Cervicheck,Medical/Health,Vadodara,Gujarat,75,5000,1,1,75,
408,Eatverse,Food and Beverage,Kolkata,West Bengal,100,10000,0,,,
409,AvataarSkincare,Beauty/Fashion,Bhopal,Madhya Pradesh,70,7000,1,1,35,
410,ChalteFirteMangalkaryalay,Business Services,Latur,Maharashtra,200,2000,0,,,
411,KryzenBiotech,Agriculture,Pune,Maharashtra,75,2500,1,1,75,
412,FOMO,Food and Beverage,Bangalore,Karnataka,35,875,1,1,35,
413,ModelVerse,Technology/Software,Kozhikode,Kerala,25,250,1,1,25,
414,VikrantBikes,Vehicles/Electrical Vehicles,Satara,Maharashtra,30,600,0,,,
415,TheShellHair,Beauty/Fashion,Ajmer,Rajasthan,30,1000,1,1,30,
416,Rize,Food and Beverage,Gurgaon,Haryana,45,750,0,,,
417,MEPACK,Business Services,Delhi,Delhi,7,70,1,1,7,
418,BaccaBucci,Beauty/Fashion,Delhi,Delhi,250,25000,0,,,
419,Vobble,Children/Education,Bangalore,Karnataka,25,1666.666667,1,1,25,
420,BeUNatural,Beauty/Fashion,Delhi,Delhi,60,2400,0,,,
421,Erotissch,Beauty/Fashion,Agra,Uttar Pradesh,75,2500,0,,,
422,Niblerzz,Food and Beverage,Mumbai,Maharashtra,50,1666.666667,1,1,10,
423,Sorich,Food and Beverage,Delhi,Delhi,90,3600,0,,,
424,LittleBox,Beauty/Fashion,Guwahati,Assam,75,7500,1,1,75,
425,CremeCastle,Food and Beverage,Noida,Uttar Pradesh,60,4000,1,1,60,
426,Namakwali,Food and Beverage,,Uttarakhand,50,1000,1,1,10,
427,KariboCosmetics,Beauty/Fashion,Mumbai,Maharashtra,80,1600,0,,,
428,Deeva,Beauty/Fashion,Bangana,Himachal Pradesh,200,5000,1,1,75,Radhika Gupta
429,DesignTemplate,Technology/Software,Bid,Maharashtra,100,4000,1,1,100,
430,Sama,Business Services,Delhi,"Delhi,Bihar,Kerala",100,10000,1,1,100,
431,GoldenFeathers,Manufacturing,Jaipur,Rajasthan,500,10000,0,,,
432,Myracle.io,Technology/Software,Mumbai,Maharashtra,120,4000,0,,,
433,Cup-ji,Food and Beverage,Mumbai,Maharashtra,50,1000,0,,,
434,AToddlerThing,Beauty/Fashion,Coimbatore,Tamil Nadu,80,4000,1,1,40,
435,FlexifyMe,Medical/Health,Pune,Maharashtra,100,5000,1,1,50,
436,Dharaksha,Green/CleanTech,Faridabad,Haryana,0.0125,1.25,1,1,0.0125,
437,iDreamCareer,Technology/Software,"Delhi,Bangalore","Delhi,Karnataka",110,8593.75,1,1,60,
438,RockPaperRum,Liquor/Alcohol,Mumbai,Maharashtra,50,2500,1,1,20,
439,Fit&Flex,Food and Beverage,Ahmedabad,Gujarat,100,3333.333333,1,0,,
440,Sukham,Medical/Health,Delhi,Delhi,100,3003.003003,0,,,
441,Smotect,Medical/Health,Mumbai,Maharashtra,100,10000,1,1,50,
442,Katidhan,Manufacturing,Bangalore,Karnataka,150,6000,1,1,75,
443,NEMAAI,Technology/Software,Delhi,Delhi,80,1600,1,1,40,
444,MaplePods,Business Services,Delhi,Delhi,150,3000,0,,,
445,SpecOps,Others,,,80,4000,1,1,40,
446,KaabilKids,Technology/Software,Noida,Uttar Pradesh,70,3500,1,1,50,
447,OddGiraffe,Lifestyle/Home,Mumbai,Maharashtra,75,1000,0,,,
448,Nemocare,Medical/Health,"Hyderabad,Bangalore","Telangana,Karnataka",100,4000,1,1,20,
449,WhySoBlue,Beauty/Fashion,Mumbai,Maharashtra,75,2500,1,1,40,
450,CoratiaTechnologies,Technology/Software,Rourkela,Odisha,80,8000,1,1,80,
451,Coolant,Manufacturing,Noida,Uttar Pradesh,90,9000,0,,,
452,Xmachines,Technology/Software,Hyderabad,Telangana,72,1800,1,1,72,
453,Luvottica,Lifestyle/Home,Abohar,Punjab,200,2000,0,,,
454,FarmDidi,Food and Beverage,"Amravati,Lucknow,Bahadurgarh","Maharashtra,Uttar Pradesh,Haryana",50,2500,1,1,100,
455,Popcorn,Food and Beverage,Delhi,Delhi,75,1000,1,1,75,
456,Prorata,Business Services,Bangalore,Karnataka,100,5000,1,1,50,
457,Indigifts,Business Services,Jaipur,Rajasthan,50,2500,1,1,50,
458,AlienVersions,Vehicles/Electrical Vehicles,"Itanagar,Dehradun","Arunachal Pradesh,Uttarakhand",50,1000,0,,,
459,Rocca,Food and Beverage,Nagpur,Maharashtra,60,1500,1,1,30,
460,KikoLive,Technology/Software,Mumbai,Maharashtra,100,10000,0,,,
461,Melooha,Others,Bangalore,Karnataka,80,4000,0,,,
462,FUTRStudios,Technology/Software,"Chandigarh,Ahmedabad","Punjab,Gujarat",100,4000,0,,,
463,Allter,Lifestyle/Home,Delhi,Delhi,100,4000,1,1,100,
464,FirstBudOrganics,Food and Beverage,Deoghar,Jharkhand,50,714.2857143,1,1,50,
465,Shararat,Lifestyle/Home,Noida,Uttar Pradesh,60,857.1428571,0,,,
466,Competishun,Children/Education,Jaipur,Rajasthan,200,20000,0,,,
467,BombayClosetCleanse,Beauty/Fashion,Mumbai,Maharashtra,100,4000,0,,,
468,KioskKaffee,Food and Beverage,Pune,Maharashtra,90,3000,0,,,
469,NeonAttack,Lifestyle/Home,Hyderabad,Telangana,75,2500,1,1,50,
470,PTal,Lifestyle/Home,Amritsar,Punjab,50,5000,1,1,100,
471,RoadPilot,Technology/Software,Lucknow,Uttar Pradesh,80,1600,0,,,
472,SmartMop,Lifestyle/Home,Mysuru,Karnataka,15,1500,0,,,
473,Lea,Beauty/Fashion,Noida,Uttar Pradesh,100,5000,1,1,100,Azhar Iqubal
474,$KrishnaRama,Entertainment,Hyderabad,Telangana,200,666.6666667,0,,,
475,Rentit4me,Business Services,Gurugram,Haryana,150,3000,0,,,
476,CoolTheGlobe,Green/CleanTech,Pune,Maharashtra,25,500,1,1,25,Radhika Gupta
477,Canvaloop,Green/CleanTech,Surat,Gujarat,100,7518.796992,1,1,200,"Azhar Iqubal,Radhika Gupta"
478,DigitalPaani,Green/CleanTech,Jaipur,Rajasthan,70,7000,0,,,
479,FAEBeauty,Beauty/Fashion,Mumbai,Maharashtra,100,10000,1,1,100,
480,CONFECT,Food and Beverage,Delhi,Delhi,100,10000,1,1,100,
481,Indulge,Technology/Software,Goa,Goa,50,5000,0,,,
482,BLFabric,Beauty/Fashion,Surat,Gujarat,100,5000,1,1,100,Kunal Bahl
483,CultureCircle,Beauty/Fashion,Gurugram,Haryana,120,24000,1,1,300,Kunal Bahl
484,NexeraHealth,Medical/Health,Jaipur,Rajasthan,75,7500,0,,,
485,NOOE,Technology/Software,"Delhi,Pune","Delhi,Maharashtra",50,5000,1,1,500,
486,GoZero,Food and Beverage,Mumbai,Maharashtra,100,10000,1,1,100,
487,CurveElectric,Technology/Software,Srinagar,Jammu & Kashmir,500,10000,0,,,
488,Gudworld,Food and Beverage,Aurangabad,Maharashtra,50,2500,1,1,50,
489,airth,Lifestyle/Home,Delhi,Delhi,60,6000,1,1,100,
490,OneDios,Lifestyle/Home,Noida,Uttar Pradesh,75,5000,0,,,
491,InnerGize,Medical/Health,Delhi,Delhi,54,3600,1,1,100,Azhar Iqubal
492,PersonalTouchSkincare,Beauty/Fashion,Panipat,Haryana,120,12000,0,,,
493,KIWIKisanWindow,Lifestyle/Home,Dehradun,Uttarakhand,50,5000,1,1,250,Kunal Bahl
494,TripoleGear,Fitness/Sports/Outdoors,Delhi,Delhi,100,10000,1,1,75,
495,Neosapien,Technology/Software,"Gwalior,Indore",Madhya Pradesh,80,3200,1,1,80,
496,MissCheesecake,Food and Beverage,Jodhpur,Rajasthan,30,600,1,0,,
497,SpeedKitchen,Food and Beverage,Delhi,Delhi,200,6666.666667,1,1,200,"Kunal Bahl,Azhar Iqubal"
498,MudgarClub,Fitness/Sports/Outdoors,,Haryana,50,500,1,1,50,
499,ImagiMake,Children/Education,Mumbai,Maharashtra,150,30000,1,0,,
500,BeastLife,Medical/Health,"Kanpur,Lucknow",Uttar Pradesh,100,10000,0,,,
501,GoDevil,Beauty/Fashion,Gurugram,Haryana,80,4000,0,,,
502,Havintha,Beauty/Fashion,Indore,Madhya Pradesh,50,2500,1,0,,
503,NurturingGreen,Lifestyle/Home,Lucknow,Uttar Pradesh,100,10000,1,1,50,
504,kyari,Lifestyle/Home,Indore,Madhya Pradesh,80,10000,1,0,,
505,ProjectClay,Children/Education,Goa,Goa,15,150,1,1,15,
506,DeniBikes,Vehicles/Electrical Vehicles,Pune,Maharashtra,30,300,0,,,
507,PrettyLittleShop,Lifestyle/Home,Mumbai,Maharashtra,30,300,0,,,
508,Aquapeya,Lifestyle/Home,Sangli,Maharashtra,70,3500,1,1,70,
509,Jarsh,Manufacturing,Hyderabad,Telangana,50,5000,1,1,50,
510,DACBY,Beauty/Fashion,Kanpur,Uttar Pradesh,75,3409.090909,0,,,
511,Shyle,Beauty/Fashion,Jaipur,Rajasthan,70,7000,1,1,70,
512,SavaniHeritage,Business Services,Mumbai,Maharashtra,300,30000,1,1,100,
513,SNEAKINN,Beauty/Fashion,Gurugram,Haryana,90,3000,1,1,90,
514,fupro,Medical/Health,Chandigarh,"Punjab,Kerala",60,6000,1,1,60,
515,Kanvas,Beauty/Fashion,Mumbai,Maharashtra,60,1000,0,,,
516,ezo,Manufacturing,Akola,Maharashtra,50,15151.51515,0,,,
517,Seven,Technology/Software,Mumbai,Maharashtra,75,7500,1,1,75,Varun Dua
518,TheFutureAnimations,Technology/Software,Delhi,Delhi,50,2000,1,1,50,
519,Aignosis,Technology/Software,Jaipur,Rajasthan,50,1250,1,1,100,Varun Dua
520,Rosha,Manufacturing,Delhi,Delhi,60,6000,1,1,60,
521,MakeMyPayment,Technology/Software,Ujjain,Madhya Pradesh,30,1000,0,,,
522,PatchUp,Medical/Health,Delhi,Delhi,50,2857.142857,1,1,50,
523,tikitoro,Beauty/Fashion,Chennai,Tamil Nadu,25,5000,1,1,25,
524,Ashva,Medical/Health,Ghaziabad,Uttar Pradesh,50,4000,1,1,50,
525,AseemShakti,Beauty/Fashion,Mumbai,Maharashtra,50,2000,1,1,50,
526,RBDMachineTools,Agriculture,Jaipur,Rajasthan,100,10000,1,1,50,
527,MidasPaint,Green/CleanTech,Pune,Maharashtra,300,6000,0,,,
528,GoodlandPickleball,Fitness/Sports/Outdoors,Mumbai,Maharashtra,80,2000,1,1,80,
529,TheNaturikCo,Food and Beverage,Panchkula,Haryana,50,2500,1,1,400,Kunal Bahl
530,Metashot,Fitness/Sports/Outdoors,Bangalore,Karnataka,80,5333.333333,1,1,160,
531,GabruDiChaap,Food and Beverage,Hyderabad,Telangana,70,7000,1,1,140,
532,YaanMan,Beauty/Fashion,Ahmedabad,Gujarat,50,833.3333333,1,1,100,
533,SonicLamb,Lifestyle/Home,Mangalore,Karnataka,50,5000,1,1,50,
534,Woolah,Food and Beverage,Sivasagar,Assam,50,3012.048193,1,1,50,
535,EM5,Beauty/Fashion,Indore,Madhya Pradesh,70,3500,1,1,100,
536,WomanLikeU,Beauty/Fashion,Bangalore,Karnataka,100,5000,1,1,100,
537,BookLeafPublishing,Others,"Delhi,Srinagar","Delhi,Jammu & Kashmir",90,1800,0,,,
538,Str8bat,Fitness/Sports/Outdoors,Bangalore,Karnataka,150,15000,1,1,150,
539,Ruby'sOrganics,Beauty/Fashion,Mumbai,Maharashtra,100,4000,1,1,100,Kunal Bahl
540,TheGoodDoll,Children/Education,Ooty,Tamil Nadu,50,1000,0,,,
541,Schickwheel,Manufacturing,Delhi,Delhi,70,7000,1,0,,
542,ClapStoreToys,Children/Education,Pune,Maharashtra,80,2000,1,1,100,Kunal Bahl
543,RahejaSolarFoodProcessing,Manufacturing,Indore,Madhya Pradesh,50,5000,1,1,175,Kunal Bahl
544,Wanderlooms,Fitness/Sports/Outdoors,Bhopal,Madhya Pradesh,50,2000,1,1,50,
545,Ugees,Lifestyle/Home,Noida,Uttar Pradesh,50,2000,1,1,50,
546,Alt.fCoworking,Business Services,Gurugram,Haryana,100,13333.33333,1,0,,
547,BurgerBae,Beauty/Fashion,"Ludhiana,Kolkata","Punjab,West Bengal",100,4000,1,1,200,Kunal Bahl
548,BobaBhai,Food and Beverage,Bangalore,Karnataka,50,16666.66667,1,1,90,Viraj Bahl
549,Hexafun,Beauty/Fashion,"Mumbai,Delhi","Maharashtra,Delhi",100,2500,0,,,
550,RepeatGud,Food and Beverage,Raipur,Chhattisgarh,50,1000,1,1,50,
551,SkateSupplyIndia,Fitness/Sports/Outdoors,Chandigarh,Punjab,50,2500,1,0,,
552,UtopianDrinks,Food and Beverage,Thane,Maharashtra,40,2222.222222,0,,,
553,GOFIG,Green/CleanTech,Pune,Maharashtra,50,2500,1,0,,
554,Joyspoon,Food and Beverage,Ahmedabad,Gujarat,40,2666.666667,1,1,40,
555,bambinos,Children/Education,Bangalore,Karnataka,100,10000,1,1,100,
556,FundooLabs,Children/Education,Vadodara,Gujarat,60,1500,1,1,66,
557,Gaon,Food and Beverage,Champaran,Bihar,80,2000,1,1,80,
558,EriWeave,Beauty/Fashion,Kdonghulu,Meghalaya,20,166.6666667,1,1,20,
559,PaleooBakes,Food and Beverage,Mumbai,Maharashtra,100,1538.461538,1,1,100,
560,NeuraSim,Medical/Health,Bangalore,Karnataka,100,1250,0,,,
561,Offmint,Beauty/Fashion,Samastipur,Bihar,0.0001,0.01,1,1,10,
562,Chokhat,Lifestyle/Home,Delhi,Delhi,50,714.2857143,1,1,30,
563,ZenmaCoffee,Food and Beverage,Gurugram,Haryana,60,1714.285714,0,,,
564,TheEleFant,Children/Education,Mumbai,Maharashtra,60,6000,0,,,
565,BetterNutrition,Food and Beverage,Lucknow,Uttar Pradesh,60,6000,1,1,60,
566,PinqPolka,Beauty/Fashion,Faridabad,Haryana,100,4000,0,,,
567,Vibrasense,Medical/Health,Sonipat,Haryana,100,5000,1,1,100,
568,NearBook,Children/Education,Sanchore,Rajasthan,40,200,1,1,40,
569,Memotag,Medical/Health,Delhi,Delhi,50,1000,0,,,
570,Klimate,Beauty/Fashion,"Bangalore,Gular","Karnataka,Assam,Jharkhand",54,1800,0,,,
571,HealthFab,Medical/Health,,Assam,100,3333.333333,1,1,200,
572,PieMatrix,Others,Delhi,Delhi,100,3333.333333,1,0,,
573,Sudathi,Beauty/Fashion,Surat,Gujarat,100,10000,1,1,100,
574,Moderate,Medical/Health,Hyderabad,Telangana,50,4000,1,1,100,Kunal Bahl
575,HireForCare,Medical/Health,"Ghaziabad,Jaipur","Uttar Pradesh,Rajasthan",36,1200,1,1,36,Kunal Bahl
576,DreamSmile,Medical/Health,Mumbai,Maharashtra,80,1333.333333,0,,,
577,Madmix,Food and Beverage,Mumbai,Maharashtra,50,5000,1,1,50,
578,Palmonas,Beauty/Fashion,Pune,Maharashtra,126,12600,1,1,126,
579,MKPowerAndMobility,Vehicles/Electrical Vehicles,Pune,Maharashtra,350,7000,0,,,
580,Nidhi'sGrandmaaSecret,Beauty/Fashion,Gurugram,Haryana,70,3500,1,1,70,
581,Solnce,Manufacturing,Surat,Gujarat,100,6666.666667,1,1,100,
582,BornGood,Lifestyle/Home,Bangalore,Karnataka,70,7000,0,,,
583,DorabiAndAmili,Beauty/Fashion,Gurugram,Haryana,75,2500,1,1,100,
584,ZebraLearn,Children/Education,Surat,Gujarat,100,12500,1,1,100,
585,ExclusiveLane,Lifestyle/Home,Gurugram,Haryana,50,5000,0,,,
586,Medial,Technology/Software,Bangalore,Karnataka,50,5000,1,1,50,
587,PanchalDairy,Food and Beverage,Surendranagar,Gujarat,20,200,0,,,
588,MusicPandit,Children/Education,Kochi,Kerala,50,5000,0,,,
589,Cograd,Children/Education,Etawah,Uttar Pradesh,100,5000,1,1,50,
590,EatBetterCo,Food and Beverage,Jaipur,Rajasthan,50,10000,1,1,50,
591,Earthful,Medical/Health,Hyderabad,Telangana,75,7500,1,1,75,
592,Trajectory,Vehicles/Electrical Vehicles,Delhi,Delhi,100,5000,1,1,50,
593,KaviThePoetry-ArtProject,Green/CleanTech,,,60,4000,0,,,
594,F2DF,Agriculture,Jind,Haryana,50,5000,1,1,5,
595,SugarStrings.ai,Medical/Health,"Kalady, Vuyyuru","Kerala,Andhra Pradesh",100,4000,0,,,
596,MomsHome,Children/Education,Jaipur,Rajasthan,75,7500,1,1,75,
597,Catwalk,Food and Beverage,Delhi,Delhi,100,2403.846154,0,,,
598,Beautywise,Beauty/Fashion,Delhi,Delhi,100,6666.666667,1,1,300,
599,Ivory,Medical/Health,Bangalore,Karnataka,50,4000,1,1,50,
600,TheHousePartyBySavar,Business Services,Gurugram,Haryana,100,2000,1,1,50,
601,GlowGlossary,Food and Beverage,"Bangalore,Ghaziabad","Karnataka,Uttar Pradesh",60,1500,0,,,
602,SinghDentalCare,Medical/Health,Amritsar,Punjab,100,2000,0,,,
603,TribalVeda,Food and Beverage,Udaipur,Rajasthan,50,2500,1,1,50,
604,Anuvad,Beauty/Fashion,Ahmedabad,Gujarat,50,1000,0,,,
605,Fitelo,Fitness/Sports/Outdoors,Mohali,Punjab,150,30000,1,1,150,
606,Nanighar,Food and Beverage,Kolkata,West Bengal,100,2000,0,,,
607,GoodMonk,Fitness/Sports/Outdoors,Bangalore,Karnataka,100,5988.023952,1,1,50,
608,Artbuzz,Business Services,Delhi,Delhi,100,3333.333333,0,,,
609,Tulua,Food and Beverage,Mumbai,Maharashtra,50,2500,0,,,
610,Taffykids,Children/Education,Mumbai,Maharashtra,75,7500,1,1,75,
611,WhaleWearables,Lifestyle/Home,Belagavi,Karnataka,30,1000,1,1,30,
612,Zingavita,Medical/Health,Chandigarh,Punjab,100,8000,0,,,
613,DhaagaLife,Beauty/Fashion,Mumbai,Maharashtra,75,1500,0,,,
614,Tileskraft,Lifestyle/Home,Borbi,Gujarat,60,500,0,,,
615,Krishnsakhi,Lifestyle/Home,Mumbai,Maharashtra,37.5,1500,0,,,
616,BoreCharger,Agriculture,Pune,Maharashtra,75,5000,1,0,,
617,SuperBolter,Lifestyle/Home,Bangalore,Karnataka,75,15000,0,,,
618,HiveSchool,Children/Education,"Delhi,Indore","Delhi,Madhya Pradesh",60,1200,0,,,
619,Tintbox,Lifestyle/Home,Ahmedabad,Gujarat,70,1400,0,,,
620,EasyRugs,Lifestyle/Home,Delhi,Delhi,35,700,1,1,35,
621,StylesTry,Beauty/Fashion,Delhi,Delhi,50,5000,0,,,
622,Quitci,Lifestyle/Home,Kolar,Karnataka,50,2500,0,,,
623,FitFeast,Food and Beverage,Delhi,Delhi,100,1538.461538,1,1,100,Viraj Bahl
624,TheBearHouse,Beauty/Fashion,Bangalore,Karnataka,300,30000,1,1,100,
625,UrbanAnimal,Animal/Pets,Bangalore,Karnataka,45,900,0,,,
626,Nooky,Lifestyle/Home,Delhi,Delhi,60,6000,0,,,
627,Subculture,Beauty/Fashion,Ara,Bihar,50,714.2857143,0,,,
628,Woodsmen,Liquor/Alcohol,Delhi,Delhi,150,30000,0,,,
629,BhavisyaPlast,Green/CleanTech,Kolkata,West Bengal,50,3333.333333,1,1,200,Chirag Nakrani
630,Ecoil,Green/CleanTech,Jaipur,Rajasthan,100,8000,1,1,50,Chirag Nakrani
631,Rescript,Green/CleanTech,Bangalore,Karnataka,100,3003.003003,0,,,
632,TickleYourArt,Others,Pune,Maharashtra,21.3,304.2857143,1,1,21.3,
633,Symbionic,Medical/Health,Chennai,Tamil Nadu,80,4000,1,1,40,
634,XLCinema,Entertainment,Delhi,Delhi,150,10000,0,,,
